method,anomaly_type,pipeline_size,trial,true_root_cause,target_node,rank,top1,top3,top5,reciprocal_rank,false_rc_rate_k5,elapsed_ms,convergence_iters
HybridTSD+APA-RCA+ResGCN,A1_source_corruption,medium_real,0,SRC_STOCK_11_PRICE,REPORT_STRESS,1,1,1,1,1.0,0.8,26.916980743408203,9
HybridTSD+APA-RCA+ResGCN,A1_source_corruption,medium_real,1,SRC_STOCK_6_PRICE,REPORT_STRESS,1,1,1,1,1.0,0.8,23.782014846801758,9
HybridTSD+APA-RCA+ResGCN,A1_source_corruption,medium_real,2,SRC_STOCK_11_PRICE,REPORT_STRESS,1,1,1,1,1.0,0.8,32.147884368896484,9
HybridTSD+APA-RCA+ResGCN,A1_source_corruption,medium_real,3,SRC_STOCK_10_PRICE,REPORT_STRESS,1,1,1,1,1.0,0.8,22.536277770996094,9
HybridTSD+APA-RCA+ResGCN,A1_source_corruption,medium_real,4,SRC_STOCK_9_PRICE,REPORT_STRESS,1,1,1,1,1.0,0.8,23.32782745361328,9
HybridTSD+APA-RCA+ResGCN,A1_source_corruption,medium_real,5,SRC_STOCK_9_PRICE,REPORT_STRESS,1,1,1,1,1.0,0.8,28.61809730529785,9
HybridTSD+APA-RCA+ResGCN,A1_source_corruption,medium_real,6,SRC_STOCK_6_PRICE,REPORT_STRESS,1,1,1,1,1.0,0.8,39.105892181396484,9
HybridTSD+APA-RCA+ResGCN,A1_source_corruption,medium_real,7,SRC_STOCK_12_PRICE,REPORT_STRESS,1,1,1,1,1.0,0.8,22.845983505249023,9
HybridTSD+APA-RCA+ResGCN,A1_source_corruption,medium_real,8,SRC_STOCK_9_PRICE,REPORT_STRESS,1,1,1,1,1.0,0.8,22.548913955688477,9
HybridTSD+APA-RCA+ResGCN,A1_source_corruption,medium_real,9,SRC_STOCK_6_PRICE,REPORT_STRESS,1,1,1,1,1.0,0.8,35.02321243286133,9
HybridTSD+APA-RCA+ResGCN,A1_source_corruption,medium_real,10,SRC_STOCK_10_PRICE,REPORT_STRESS,1,1,1,1,1.0,0.8,19.559860229492188,9
HybridTSD+APA-RCA+ResGCN,A1_source_corruption,medium_real,11,SRC_STOCK_2_PRICE,REPORT_STRESS,1,1,1,1,1.0,0.8,32.43708610534668,9
HybridTSD+APA-RCA+ResGCN,A1_source_corruption,medium_real,12,SRC_STOCK_8_PRICE,REPORT_STRESS,1,1,1,1,1.0,0.8,24.169206619262695,9
HybridTSD+APA-RCA+ResGCN,A1_source_corruption,medium_real,13,SRC_STOCK_11_PRICE,REPORT_STRESS,1,1,1,1,1.0,0.8,21.62480354309082,9
HybridTSD+APA-RCA+ResGCN,A1_source_corruption,medium_real,14,SRC_STOCK_2_PRICE,REPORT_STRESS,1,1,1,1,1.0,0.8,63.858985900878906,9
HybridTSD+APA-RCA+ResGCN,A1_source_corruption,medium_real,15,SRC_STOCK_12_PRICE,REPORT_STRESS,1,1,1,1,1.0,0.8,35.92658042907715,9
HybridTSD+APA-RCA+ResGCN,A1_source_corruption,medium_real,16,SRC_STOCK_7_PRICE,REPORT_STRESS,1,1,1,1,1.0,0.8,57.46889114379883,9
HybridTSD+APA-RCA+ResGCN,A1_source_corruption,medium_real,17,SRC_STOCK_9_PRICE,REPORT_STRESS,1,1,1,1,1.0,0.8,47.46890068054199,9
HybridTSD+APA-RCA+ResGCN,A1_source_corruption,medium_real,18,SRC_STOCK_11_PRICE,REPORT_STRESS,1,1,1,1,1.0,0.8,13.730049133300781,9
HybridTSD+APA-RCA+ResGCN,A1_source_corruption,medium_real,19,SRC_STOCK_8_PRICE,REPORT_STRESS,1,1,1,1,1.0,0.8,65.16289710998535,9
HybridTSD+APA-RCA+ResGCN,A1_source_corruption,medium_real,20,SRC_STOCK_11_PRICE,REPORT_STRESS,1,1,1,1,1.0,0.8,71.89226150512695,9
HybridTSD+APA-RCA+ResGCN,A1_source_corruption,medium_real,21,SRC_STOCK_4_PRICE,REPORT_STRESS,1,1,1,1,1.0,0.8,42.7699089050293,9
HybridTSD+APA-RCA+ResGCN,A1_source_corruption,medium_real,22,SRC_STOCK_10_PRICE,REPORT_STRESS,1,1,1,1,1.0,0.8,25.777101516723633,9
HybridTSD+APA-RCA+ResGCN,A1_source_corruption,medium_real,23,SRC_STOCK_1_PRICE,REPORT_STRESS,1,1,1,1,1.0,0.8,24.89018440246582,9
HybridTSD+APA-RCA+ResGCN,A1_source_corruption,medium_real,24,SRC_STOCK_5_PRICE,REPORT_REG_VAR,1,1,1,1,1.0,0.8,26.385068893432617,9
HybridTSD+APA-RCA+ResGCN,A1_source_corruption,medium_real,25,SRC_STOCK_7_PRICE,REPORT_STRESS,1,1,1,1,1.0,0.8,37.10317611694336,9
HybridTSD+APA-RCA+ResGCN,A1_source_corruption,medium_real,26,SRC_STOCK_11_PRICE,REPORT_STRESS,1,1,1,1,1.0,0.8,57.23381042480469,9
HybridTSD+APA-RCA+ResGCN,A1_source_corruption,medium_real,27,SRC_STOCK_1_PRICE,REPORT_STRESS,1,1,1,1,1.0,0.8,31.70609474182129,9
HybridTSD+APA-RCA+ResGCN,A1_source_corruption,medium_real,28,SRC_STOCK_8_PRICE,REPORT_STRESS,1,1,1,1,1.0,0.8,34.832000732421875,9
HybridTSD+APA-RCA+ResGCN,A1_source_corruption,medium_real,29,SRC_STOCK_12_PRICE,REPORT_STRESS,1,1,1,1,1.0,0.8,33.041954040527344,9
HybridTSD+APA-RCA+ResGCN,A2_etl_logic_error,medium_real,0,ETL_FX_STOCK_11_PRICE,REPORT_STRESS,66,0,0,0,0.015151515151515152,1.0,14.560937881469727,9
HybridTSD+APA-RCA+ResGCN,A2_etl_logic_error,medium_real,1,ETL_FX_STOCK_6_PRICE,REPORT_STRESS,71,0,0,0,0.014084507042253521,1.0,74.08380508422852,9
HybridTSD+APA-RCA+ResGCN,A2_etl_logic_error,medium_real,2,ETL_FX_STOCK_11_PRICE,REPORT_STRESS,70,0,0,0,0.014285714285714285,1.0,23.084163665771484,9
HybridTSD+APA-RCA+ResGCN,A2_etl_logic_error,medium_real,3,ETL_FX_STOCK_10_PRICE,REPORT_STRESS,68,0,0,0,0.014705882352941176,1.0,30.360698699951172,9
HybridTSD+APA-RCA+ResGCN,A2_etl_logic_error,medium_real,4,ETL_FX_STOCK_9_PRICE,REPORT_STRESS,67,0,0,0,0.014925373134328358,1.0,42.21487045288086,9
HybridTSD+APA-RCA+ResGCN,A2_etl_logic_error,medium_real,5,ETL_FX_STOCK_9_PRICE,REPORT_STRESS,67,0,0,0,0.014925373134328358,1.0,49.25537109375,9
HybridTSD+APA-RCA+ResGCN,A2_etl_logic_error,medium_real,6,ETL_FX_STOCK_6_PRICE,REPORT_STRESS,70,0,0,0,0.014285714285714285,1.0,23.617982864379883,9
HybridTSD+APA-RCA+ResGCN,A2_etl_logic_error,medium_real,7,ETL_FX_STOCK_12_PRICE,REPORT_STRESS,72,0,0,0,0.013888888888888888,1.0,19.19269561767578,9
HybridTSD+APA-RCA+ResGCN,A2_etl_logic_error,medium_real,8,ETL_FX_STOCK_9_PRICE,REPORT_STRESS,71,0,0,0,0.014084507042253521,1.0,34.14177894592285,9
HybridTSD+APA-RCA+ResGCN,A2_etl_logic_error,medium_real,9,ETL_FX_STOCK_6_PRICE,REPORT_STRESS,69,0,0,0,0.014492753623188406,1.0,21.49486541748047,9
HybridTSD+APA-RCA+ResGCN,A2_etl_logic_error,medium_real,10,ETL_FX_STOCK_10_PRICE,REPORT_STRESS,68,0,0,0,0.014705882352941176,1.0,36.13901138305664,9
HybridTSD+APA-RCA+ResGCN,A2_etl_logic_error,medium_real,11,ETL_FX_STOCK_2_PRICE,REPORT_STRESS,70,0,0,0,0.014285714285714285,1.0,43.88594627380371,9
HybridTSD+APA-RCA+ResGCN,A2_etl_logic_error,medium_real,12,ETL_FX_STOCK_8_PRICE,REPORT_STRESS,68,0,0,0,0.014705882352941176,1.0,15.434026718139648,9
HybridTSD+APA-RCA+ResGCN,A2_etl_logic_error,medium_real,13,ETL_FX_STOCK_11_PRICE,REPORT_STRESS,68,0,0,0,0.014705882352941176,1.0,64.29386138916016,9
HybridTSD+APA-RCA+ResGCN,A2_etl_logic_error,medium_real,14,ETL_FX_STOCK_2_PRICE,REPORT_STRESS,66,0,0,0,0.015151515151515152,1.0,13.31782341003418,9
HybridTSD+APA-RCA+ResGCN,A2_etl_logic_error,medium_real,15,ETL_FX_STOCK_12_PRICE,REPORT_STRESS,72,0,0,0,0.013888888888888888,1.0,62.155961990356445,9
HybridTSD+APA-RCA+ResGCN,A2_etl_logic_error,medium_real,16,ETL_FX_STOCK_7_PRICE,REPORT_STRESS,68,0,0,0,0.014705882352941176,1.0,42.160749435424805,9
HybridTSD+APA-RCA+ResGCN,A2_etl_logic_error,medium_real,17,ETL_FX_STOCK_9_PRICE,REPORT_STRESS,67,0,0,0,0.014925373134328358,1.0,91.23611450195312,9
HybridTSD+APA-RCA+ResGCN,A2_etl_logic_error,medium_real,18,ETL_FX_STOCK_11_PRICE,REPORT_STRESS,68,0,0,0,0.014705882352941176,1.0,41.66293144226074,9
HybridTSD+APA-RCA+ResGCN,A2_etl_logic_error,medium_real,19,ETL_FX_STOCK_8_PRICE,REPORT_STRESS,66,0,0,0,0.015151515151515152,1.0,25.68197250366211,9
HybridTSD+APA-RCA+ResGCN,A2_etl_logic_error,medium_real,20,ETL_FX_STOCK_11_PRICE,REPORT_STRESS,68,0,0,0,0.014705882352941176,1.0,11.960268020629883,9
HybridTSD+APA-RCA+ResGCN,A2_etl_logic_error,medium_real,21,ETL_FX_STOCK_4_PRICE,REPORT_STRESS,68,0,0,0,0.014705882352941176,1.0,61.691999435424805,9
HybridTSD+APA-RCA+ResGCN,A2_etl_logic_error,medium_real,22,ETL_FX_STOCK_10_PRICE,REPORT_STRESS,70,0,0,0,0.014285714285714285,1.0,22.769927978515625,9
HybridTSD+APA-RCA+ResGCN,A2_etl_logic_error,medium_real,23,ETL_FX_STOCK_1_PRICE,REPORT_STRESS,67,0,0,0,0.014925373134328358,1.0,21.719694137573242,9
HybridTSD+APA-RCA+ResGCN,A2_etl_logic_error,medium_real,24,ETL_FX_STOCK_5_PRICE,REPORT_STRESS,69,0,0,0,0.014492753623188406,1.0,33.138275146484375,9
HybridTSD+APA-RCA+ResGCN,A2_etl_logic_error,medium_real,25,ETL_FX_STOCK_7_PRICE,REPORT_STRESS,69,0,0,0,0.014492753623188406,1.0,39.9172306060791,9
HybridTSD+APA-RCA+ResGCN,A2_etl_logic_error,medium_real,26,ETL_FX_STOCK_11_PRICE,REPORT_STRESS,68,0,0,0,0.014705882352941176,1.0,17.792940139770508,9
HybridTSD+APA-RCA+ResGCN,A2_etl_logic_error,medium_real,27,ETL_FX_STOCK_1_PRICE,REPORT_STRESS,63,0,0,0,0.015873015873015872,1.0,45.4409122467041,9
HybridTSD+APA-RCA+ResGCN,A2_etl_logic_error,medium_real,28,ETL_FX_STOCK_8_PRICE,REPORT_STRESS,68,0,0,0,0.014705882352941176,1.0,29.710054397583008,9
HybridTSD+APA-RCA+ResGCN,A2_etl_logic_error,medium_real,29,ETL_FX_STOCK_12_PRICE,REPORT_STRESS,71,0,0,0,0.014084507042253521,1.0,32.49788284301758,9
HybridTSD+APA-RCA+ResGCN,A3_feature_calc_error,medium_real,0,FEAT_VOL20_STOCK_11_PRICE,REPORT_STRESS,1,1,1,1,1.0,0.8,36.791086196899414,9
HybridTSD+APA-RCA+ResGCN,A3_feature_calc_error,medium_real,1,FEAT_VOL20_STOCK_6_PRICE,REPORT_STRESS,1,1,1,1,1.0,0.8,34.49082374572754,9
HybridTSD+APA-RCA+ResGCN,A3_feature_calc_error,medium_real,2,FEAT_VOL20_STOCK_11_PRICE,REPORT_STRESS,1,1,1,1,1.0,0.8,54.47196960449219,9
HybridTSD+APA-RCA+ResGCN,A3_feature_calc_error,medium_real,3,FEAT_VOL20_STOCK_10_PRICE,REPORT_STRESS,1,1,1,1,1.0,0.8,32.05108642578125,9
HybridTSD+APA-RCA+ResGCN,A3_feature_calc_error,medium_real,4,FEAT_VOL20_STOCK_9_PRICE,REPORT_STRESS,1,1,1,1,1.0,0.8,16.01719856262207,9
HybridTSD+APA-RCA+ResGCN,A3_feature_calc_error,medium_real,5,FEAT_VOL20_STOCK_9_PRICE,REPORT_STRESS,1,1,1,1,1.0,0.8,39.45612907409668,9
HybridTSD+APA-RCA+ResGCN,A3_feature_calc_error,medium_real,6,FEAT_VOL20_STOCK_6_PRICE,REPORT_STRESS,1,1,1,1,1.0,0.8,23.40412139892578,9
HybridTSD+APA-RCA+ResGCN,A3_feature_calc_error,medium_real,7,FEAT_VOL20_STOCK_12_PRICE,REPORT_STRESS,67,0,0,0,0.014925373134328358,1.0,20.002126693725586,9
HybridTSD+APA-RCA+ResGCN,A3_feature_calc_error,medium_real,8,FEAT_VOL20_STOCK_9_PRICE,REPORT_STRESS,1,1,1,1,1.0,0.8,23.452043533325195,9
HybridTSD+APA-RCA+ResGCN,A3_feature_calc_error,medium_real,9,FEAT_VOL20_STOCK_6_PRICE,REPORT_STRESS,1,1,1,1,1.0,0.8,46.11611366271973,9
HybridTSD+APA-RCA+ResGCN,A3_feature_calc_error,medium_real,10,FEAT_VOL20_STOCK_10_PRICE,REPORT_STRESS,1,1,1,1,1.0,0.8,16.9830322265625,9
HybridTSD+APA-RCA+ResGCN,A3_feature_calc_error,medium_real,11,FEAT_VOL20_STOCK_2_PRICE,REPORT_STRESS,65,0,0,0,0.015384615384615385,1.0,28.330087661743164,9
HybridTSD+APA-RCA+ResGCN,A3_feature_calc_error,medium_real,12,FEAT_VOL20_STOCK_8_PRICE,REPORT_STRESS,1,1,1,1,1.0,0.8,13.707876205444336,9
HybridTSD+APA-RCA+ResGCN,A3_feature_calc_error,medium_real,13,FEAT_VOL20_STOCK_11_PRICE,REPORT_STRESS,1,1,1,1,1.0,0.8,65.48094749450684,9
HybridTSD+APA-RCA+ResGCN,A3_feature_calc_error,medium_real,14,FEAT_VOL20_STOCK_2_PRICE,REPORT_STRESS,69,0,0,0,0.014492753623188406,1.0,44.67487335205078,9
HybridTSD+APA-RCA+ResGCN,A3_feature_calc_error,medium_real,15,FEAT_VOL20_STOCK_12_PRICE,REPORT_STRESS,67,0,0,0,0.014925373134328358,1.0,38.78188133239746,9
HybridTSD+APA-RCA+ResGCN,A3_feature_calc_error,medium_real,16,FEAT_VOL20_STOCK_7_PRICE,REPORT_STRESS,1,1,1,1,1.0,0.8,37.63413429260254,9
HybridTSD+APA-RCA+ResGCN,A3_feature_calc_error,medium_real,17,FEAT_VOL20_STOCK_9_PRICE,REPORT_STRESS,1,1,1,1,1.0,0.8,44.55709457397461,9
HybridTSD+APA-RCA+ResGCN,A3_feature_calc_error,medium_real,18,FEAT_VOL20_STOCK_11_PRICE,REPORT_STRESS,1,1,1,1,1.0,0.8,25.625228881835938,9
HybridTSD+APA-RCA+ResGCN,A3_feature_calc_error,medium_real,19,FEAT_VOL20_STOCK_8_PRICE,REPORT_STRESS,1,1,1,1,1.0,0.8,49.475908279418945,9
HybridTSD+APA-RCA+ResGCN,A3_feature_calc_error,medium_real,20,FEAT_VOL20_STOCK_11_PRICE,REPORT_STRESS,1,1,1,1,1.0,0.8,69.44799423217773,9
HybridTSD+APA-RCA+ResGCN,A3_feature_calc_error,medium_real,21,FEAT_VOL20_STOCK_4_PRICE,REPORT_STRESS,1,1,1,1,1.0,0.8,22.686243057250977,9
HybridTSD+APA-RCA+ResGCN,A3_feature_calc_error,medium_real,22,FEAT_VOL20_STOCK_10_PRICE,REPORT_STRESS,1,1,1,1,1.0,0.8,35.90083122253418,9
HybridTSD+APA-RCA+ResGCN,A3_feature_calc_error,medium_real,23,FEAT_VOL20_STOCK_1_PRICE,REPORT_STRESS,1,1,1,1,1.0,0.8,27.35614776611328,9
HybridTSD+APA-RCA+ResGCN,A3_feature_calc_error,medium_real,24,FEAT_VOL20_STOCK_5_PRICE,REPORT_STRESS,1,1,1,1,1.0,0.8,19.308090209960938,9
HybridTSD+APA-RCA+ResGCN,A3_feature_calc_error,medium_real,25,FEAT_VOL20_STOCK_7_PRICE,REPORT_STRESS,1,1,1,1,1.0,0.8,54.50701713562012,9
HybridTSD+APA-RCA+ResGCN,A3_feature_calc_error,medium_real,26,FEAT_VOL20_STOCK_11_PRICE,REPORT_STRESS,1,1,1,1,1.0,0.8,29.136180877685547,9
HybridTSD+APA-RCA+ResGCN,A3_feature_calc_error,medium_real,27,FEAT_VOL20_STOCK_1_PRICE,REPORT_STRESS,1,1,1,1,1.0,0.8,40.82202911376953,9
HybridTSD+APA-RCA+ResGCN,A3_feature_calc_error,medium_real,28,FEAT_VOL20_STOCK_8_PRICE,REPORT_STRESS,1,1,1,1,1.0,0.8,43.089866638183594,9
HybridTSD+APA-RCA+ResGCN,A3_feature_calc_error,medium_real,29,FEAT_VOL20_STOCK_12_PRICE,REPORT_STRESS,67,0,0,0,0.014925373134328358,1.0,21.661996841430664,9
HybridTSD+APA-RCA+ResGCN,A4_aggregation_error,medium_real,0,FEAT_SECTOR_B,REPORT_STRESS,1,1,1,1,1.0,0.8,93.94407272338867,9
HybridTSD+APA-RCA+ResGCN,A4_aggregation_error,medium_real,1,FEAT_SECTOR_A,REPORT_STRESS,1,1,1,1,1.0,0.8,33.86807441711426,9
HybridTSD+APA-RCA+ResGCN,A4_aggregation_error,medium_real,2,FEAT_SECTOR_B,REPORT_STRESS,1,1,1,1,1.0,0.8,21.667003631591797,9
HybridTSD+APA-RCA+ResGCN,A4_aggregation_error,medium_real,3,FEAT_SECTOR_B,REPORT_STRESS,1,1,1,1,1.0,0.8,22.717952728271484,9
HybridTSD+APA-RCA+ResGCN,A4_aggregation_error,medium_real,4,FEAT_SECTOR_B,REPORT_STRESS,1,1,1,1,1.0,0.8,45.47309875488281,9
HybridTSD+APA-RCA+ResGCN,A4_aggregation_error,medium_real,5,FEAT_SECTOR_B,REPORT_STRESS,2,0,1,1,0.5,0.8,22.26114273071289,9
HybridTSD+APA-RCA+ResGCN,A4_aggregation_error,medium_real,6,FEAT_SECTOR_A,REPORT_STRESS,1,1,1,1,1.0,0.8,38.00535202026367,9
HybridTSD+APA-RCA+ResGCN,A4_aggregation_error,medium_real,7,FEAT_SECTOR_B,REPORT_STRESS,1,1,1,1,1.0,0.8,26.361942291259766,9
HybridTSD+APA-RCA+ResGCN,A4_aggregation_error,medium_real,8,FEAT_SECTOR_B,REPORT_STRESS,1,1,1,1,1.0,0.8,27.19902992248535,9
HybridTSD+APA-RCA+ResGCN,A4_aggregation_error,medium_real,9,FEAT_SECTOR_A,REPORT_STRESS,1,1,1,1,1.0,0.8,42.22512245178223,9
HybridTSD+APA-RCA+ResGCN,A4_aggregation_error,medium_real,10,FEAT_SECTOR_B,REPORT_STRESS,1,1,1,1,1.0,0.8,33.02288055419922,9
HybridTSD+APA-RCA+ResGCN,A4_aggregation_error,medium_real,11,FEAT_SECTOR_A,REPORT_STRESS,1,1,1,1,1.0,0.8,37.53662109375,9
HybridTSD+APA-RCA+ResGCN,A4_aggregation_error,medium_real,12,FEAT_SECTOR_B,REPORT_STRESS,1,1,1,1,1.0,0.8,32.836198806762695,9
HybridTSD+APA-RCA+ResGCN,A4_aggregation_error,medium_real,13,FEAT_SECTOR_B,REPORT_STRESS,1,1,1,1,1.0,0.8,17.53401756286621,9
HybridTSD+APA-RCA+ResGCN,A4_aggregation_error,medium_real,14,FEAT_SECTOR_A,REPORT_STRESS,2,0,1,1,0.5,0.8,55.6950569152832,9
HybridTSD+APA-RCA+ResGCN,A4_aggregation_error,medium_real,15,FEAT_SECTOR_B,REPORT_STRESS,2,0,1,1,0.5,0.8,41.235923767089844,9
HybridTSD+APA-RCA+ResGCN,A4_aggregation_error,medium_real,16,FEAT_SECTOR_B,REPORT_STRESS,2,0,1,1,0.5,0.8,8.014917373657227,9
HybridTSD+APA-RCA+ResGCN,A4_aggregation_error,medium_real,17,FEAT_SECTOR_B,REPORT_STRESS,1,1,1,1,1.0,0.8,22.229909896850586,9
HybridTSD+APA-RCA+ResGCN,A4_aggregation_error,medium_real,18,FEAT_SECTOR_B,REPORT_STRESS,2,0,1,1,0.5,0.8,42.001962661743164,9
HybridTSD+APA-RCA+ResGCN,A4_aggregation_error,medium_real,19,FEAT_SECTOR_B,REPORT_STRESS,1,1,1,1,1.0,0.8,22.841215133666992,9
HybridTSD+APA-RCA+ResGCN,A4_aggregation_error,medium_real,20,FEAT_SECTOR_B,REPORT_STRESS,1,1,1,1,1.0,0.8,26.515960693359375,9
HybridTSD+APA-RCA+ResGCN,A4_aggregation_error,medium_real,21,FEAT_SECTOR_A,REPORT_STRESS,2,0,1,1,0.5,0.8,25.81477165222168,9
HybridTSD+APA-RCA+ResGCN,A4_aggregation_error,medium_real,22,FEAT_SECTOR_B,REPORT_STRESS,1,1,1,1,1.0,0.8,23.503780364990234,9
HybridTSD+APA-RCA+ResGCN,A4_aggregation_error,medium_real,23,FEAT_SECTOR_A,REPORT_STRESS,2,0,1,1,0.5,0.8,52.3838996887207,9
HybridTSD+APA-RCA+ResGCN,A4_aggregation_error,medium_real,24,FEAT_SECTOR_A,REPORT_STRESS,2,0,1,1,0.5,0.8,27.920961380004883,9
HybridTSD+APA-RCA+ResGCN,A4_aggregation_error,medium_real,25,FEAT_SECTOR_B,REPORT_STRESS,1,1,1,1,1.0,0.8,12.371063232421875,9
HybridTSD+APA-RCA+ResGCN,A4_aggregation_error,medium_real,26,FEAT_SECTOR_B,REPORT_STRESS,1,1,1,1,1.0,0.8,32.55105018615723,9
HybridTSD+APA-RCA+ResGCN,A4_aggregation_error,medium_real,27,FEAT_SECTOR_A,REPORT_STRESS,2,0,1,1,0.5,0.8,46.452999114990234,9
HybridTSD+APA-RCA+ResGCN,A4_aggregation_error,medium_real,28,FEAT_SECTOR_B,REPORT_STRESS,1,1,1,1,1.0,0.8,14.735937118530273,9
HybridTSD+APA-RCA+ResGCN,A4_aggregation_error,medium_real,29,FEAT_SECTOR_B,REPORT_STRESS,1,1,1,1,1.0,0.8,32.1347713470459,9
HybridTSD+APA-RCA+ResGCN,A5_downstream_masking,medium_real,0,SRC_STOCK_11_PRICE,REPORT_STRESS,5,0,0,1,0.2,0.8,22.02439308166504,9
HybridTSD+APA-RCA+ResGCN,A5_downstream_masking,medium_real,1,SRC_STOCK_6_PRICE,REPORT_STRESS,3,0,1,1,0.3333333333333333,0.8,14.899969100952148,9
HybridTSD+APA-RCA+ResGCN,A5_downstream_masking,medium_real,2,SRC_STOCK_11_PRICE,REPORT_STRESS,4,0,0,1,0.25,0.8,35.588741302490234,9
HybridTSD+APA-RCA+ResGCN,A5_downstream_masking,medium_real,3,SRC_STOCK_10_PRICE,REPORT_STRESS,3,0,1,1,0.3333333333333333,0.8,26.3369083404541,9
HybridTSD+APA-RCA+ResGCN,A5_downstream_masking,medium_real,4,SRC_STOCK_9_PRICE,REPORT_STRESS,3,0,1,1,0.3333333333333333,0.8,18.096208572387695,9
HybridTSD+APA-RCA+ResGCN,A5_downstream_masking,medium_real,5,SRC_STOCK_9_PRICE,REPORT_STRESS,3,0,1,1,0.3333333333333333,0.8,23.789167404174805,9
HybridTSD+APA-RCA+ResGCN,A5_downstream_masking,medium_real,6,SRC_STOCK_6_PRICE,REPORT_STRESS,3,0,1,1,0.3333333333333333,0.8,27.647972106933594,9
HybridTSD+APA-RCA+ResGCN,A5_downstream_masking,medium_real,7,SRC_STOCK_12_PRICE,REPORT_STRESS,4,0,0,1,0.25,0.8,25.894880294799805,9
HybridTSD+APA-RCA+ResGCN,A5_downstream_masking,medium_real,8,SRC_STOCK_9_PRICE,REPORT_STRESS,3,0,1,1,0.3333333333333333,0.8,28.825044631958008,9
HybridTSD+APA-RCA+ResGCN,A5_downstream_masking,medium_real,9,SRC_STOCK_6_PRICE,REPORT_STRESS,3,0,1,1,0.3333333333333333,0.8,37.90116310119629,9
HybridTSD+APA-RCA+ResGCN,A5_downstream_masking,medium_real,10,SRC_STOCK_10_PRICE,REPORT_STRESS,3,0,1,1,0.3333333333333333,0.8,45.726776123046875,9
HybridTSD+APA-RCA+ResGCN,A5_downstream_masking,medium_real,11,SRC_STOCK_2_PRICE,REPORT_STRESS,3,0,1,1,0.3333333333333333,0.8,32.29022026062012,9
HybridTSD+APA-RCA+ResGCN,A5_downstream_masking,medium_real,12,SRC_STOCK_8_PRICE,REPORT_STRESS,3,0,1,1,0.3333333333333333,0.8,21.795034408569336,9
HybridTSD+APA-RCA+ResGCN,A5_downstream_masking,medium_real,13,SRC_STOCK_11_PRICE,REPORT_STRESS,3,0,1,1,0.3333333333333333,0.8,55.83691596984863,9
HybridTSD+APA-RCA+ResGCN,A5_downstream_masking,medium_real,14,SRC_STOCK_2_PRICE,REPORT_STRESS,3,0,1,1,0.3333333333333333,0.8,27.690887451171875,9
HybridTSD+APA-RCA+ResGCN,A5_downstream_masking,medium_real,15,SRC_STOCK_12_PRICE,REPORT_STRESS,4,0,0,1,0.25,0.8,22.097110748291016,9
HybridTSD+APA-RCA+ResGCN,A5_downstream_masking,medium_real,16,SRC_STOCK_7_PRICE,REPORT_STRESS,3,0,1,1,0.3333333333333333,0.8,50.76408386230469,9
HybridTSD+APA-RCA+ResGCN,A5_downstream_masking,medium_real,17,SRC_STOCK_9_PRICE,REPORT_STRESS,3,0,1,1,0.3333333333333333,0.8,33.60700607299805,9
HybridTSD+APA-RCA+ResGCN,A5_downstream_masking,medium_real,18,SRC_STOCK_11_PRICE,REPORT_STRESS,3,0,1,1,0.3333333333333333,0.8,21.85797691345215,9
HybridTSD+APA-RCA+ResGCN,A5_downstream_masking,medium_real,19,SRC_STOCK_8_PRICE,REPORT_STRESS,3,0,1,1,0.3333333333333333,0.8,22.52793312072754,9
HybridTSD+APA-RCA+ResGCN,A5_downstream_masking,medium_real,20,SRC_STOCK_11_PRICE,REPORT_STRESS,3,0,1,1,0.3333333333333333,0.8,34.219980239868164,9
HybridTSD+APA-RCA+ResGCN,A5_downstream_masking,medium_real,21,SRC_STOCK_4_PRICE,REPORT_STRESS,3,0,1,1,0.3333333333333333,0.8,21.853923797607422,9
HybridTSD+APA-RCA+ResGCN,A5_downstream_masking,medium_real,22,SRC_STOCK_10_PRICE,REPORT_STRESS,3,0,1,1,0.3333333333333333,0.8,44.9061393737793,9
HybridTSD+APA-RCA+ResGCN,A5_downstream_masking,medium_real,23,SRC_STOCK_1_PRICE,REPORT_STRESS,3,0,1,1,0.3333333333333333,0.8,42.11711883544922,9
HybridTSD+APA-RCA+ResGCN,A5_downstream_masking,medium_real,24,SRC_STOCK_5_PRICE,REPORT_REG_VAR,3,0,1,1,0.3333333333333333,0.8,21.6522216796875,9
HybridTSD+APA-RCA+ResGCN,A5_downstream_masking,medium_real,25,SRC_STOCK_7_PRICE,REPORT_STRESS,3,0,1,1,0.3333333333333333,0.8,38.53201866149902,9
HybridTSD+APA-RCA+ResGCN,A5_downstream_masking,medium_real,26,SRC_STOCK_11_PRICE,REPORT_STRESS,4,0,0,1,0.25,0.8,23.11086654663086,9
HybridTSD+APA-RCA+ResGCN,A5_downstream_masking,medium_real,27,SRC_STOCK_1_PRICE,REPORT_STRESS,3,0,1,1,0.3333333333333333,0.8,12.71200180053711,9
HybridTSD+APA-RCA+ResGCN,A5_downstream_masking,medium_real,28,SRC_STOCK_8_PRICE,REPORT_STRESS,3,0,1,1,0.3333333333333333,0.8,31.04376792907715,9
HybridTSD+APA-RCA+ResGCN,A5_downstream_masking,medium_real,29,SRC_STOCK_12_PRICE,REPORT_STRESS,4,0,0,1,0.25,0.8,53.442955017089844,9
HybridTSD+APA-RCA+ResGCN,A6_multi_source,medium_real,0,SRC_STOCK_8_PRICE,REPORT_STRESS,1,1,1,1,1.0,0.8,24.25527572631836,9
HybridTSD+APA-RCA+ResGCN,A6_multi_source,medium_real,1,SRC_STOCK_6_PRICE,REPORT_STRESS,1,1,1,1,1.0,0.8,35.214900970458984,9
HybridTSD+APA-RCA+ResGCN,A6_multi_source,medium_real,2,SRC_STOCK_3_PRICE,REPORT_STRESS,1,1,1,1,1.0,0.8,25.460004806518555,9
HybridTSD+APA-RCA+ResGCN,A6_multi_source,medium_real,3,SRC_STOCK_1_PRICE,REPORT_STRESS,1,1,1,1,1.0,0.8,29.654979705810547,9
HybridTSD+APA-RCA+ResGCN,A6_multi_source,medium_real,4,SRC_STOCK_8_PRICE,REPORT_STRESS,1,1,1,1,1.0,0.8,61.60783767700195,9
HybridTSD+APA-RCA+ResGCN,A6_multi_source,medium_real,5,SRC_STOCK_9_PRICE,REPORT_STRESS,1,1,1,1,1.0,0.8,25.127887725830078,9
HybridTSD+APA-RCA+ResGCN,A6_multi_source,medium_real,6,SRC_STOCK_5_PRICE,REPORT_REG_VAR,1,1,1,1,1.0,0.8,34.23905372619629,9
HybridTSD+APA-RCA+ResGCN,A6_multi_source,medium_real,7,SRC_STOCK_10_PRICE,REPORT_STRESS,1,1,1,1,1.0,0.8,59.4487190246582,9
HybridTSD+APA-RCA+ResGCN,A6_multi_source,medium_real,8,SRC_STOCK_4_PRICE,REPORT_STRESS,1,1,1,1,1.0,0.8,41.17107391357422,9
HybridTSD+APA-RCA+ResGCN,A6_multi_source,medium_real,9,SRC_STOCK_10_PRICE,REPORT_STRESS,1,1,1,1,1.0,0.8,30.653953552246094,9
HybridTSD+APA-RCA+ResGCN,A6_multi_source,medium_real,10,SRC_STOCK_4_PRICE,REPORT_STRESS,1,1,1,1,1.0,0.8,37.26911544799805,9
HybridTSD+APA-RCA+ResGCN,A6_multi_source,medium_real,11,SRC_STOCK_2_PRICE,REPORT_STRESS,1,1,1,1,1.0,0.8,23.727893829345703,9
HybridTSD+APA-RCA+ResGCN,A6_multi_source,medium_real,12,SRC_STOCK_3_PRICE,REPORT_LIMIT,1,1,1,1,1.0,0.8,48.07782173156738,9
HybridTSD+APA-RCA+ResGCN,A6_multi_source,medium_real,13,SRC_STOCK_10_PRICE,REPORT_STRESS,1,1,1,1,1.0,0.8,42.092084884643555,9
HybridTSD+APA-RCA+ResGCN,A6_multi_source,medium_real,14,SRC_STOCK_8_PRICE,REPORT_STRESS,1,1,1,1,1.0,0.8,36.131858825683594,9
HybridTSD+APA-RCA+ResGCN,A6_multi_source,medium_real,15,SRC_STOCK_8_PRICE,REPORT_STRESS,1,1,1,1,1.0,0.8,22.502899169921875,9
HybridTSD+APA-RCA+ResGCN,A6_multi_source,medium_real,16,SRC_STOCK_6_PRICE,REPORT_STRESS,1,1,1,1,1.0,0.8,69.19670104980469,9
HybridTSD+APA-RCA+ResGCN,A6_multi_source,medium_real,17,SRC_STOCK_10_PRICE,REPORT_STRESS,1,1,1,1,1.0,0.8,33.3712100982666,9
HybridTSD+APA-RCA+ResGCN,A6_multi_source,medium_real,18,SRC_STOCK_9_PRICE,REPORT_REG_VAR,1,1,1,1,1.0,0.8,24.733781814575195,9
HybridTSD+APA-RCA+ResGCN,A6_multi_source,medium_real,19,SRC_STOCK_5_PRICE,REPORT_REG_VAR,1,1,1,1,1.0,0.8,37.98198699951172,9
HybridTSD+APA-RCA+ResGCN,A6_multi_source,medium_real,20,SRC_STOCK_9_PRICE,REPORT_STRESS,1,1,1,1,1.0,0.8,68.14098358154297,9
HybridTSD+APA-RCA+ResGCN,A6_multi_source,medium_real,21,SRC_STOCK_5_PRICE,REPORT_REG_VAR,1,1,1,1,1.0,0.8,49.458980560302734,9
HybridTSD+APA-RCA+ResGCN,A6_multi_source,medium_real,22,SRC_STOCK_12_PRICE,REPORT_REG_VAR,4,0,0,1,0.25,0.8,24.679899215698242,9
HybridTSD+APA-RCA+ResGCN,A6_multi_source,medium_real,23,SRC_STOCK_6_PRICE,REPORT_STRESS,1,1,1,1,1.0,0.8,30.018091201782227,9
HybridTSD+APA-RCA+ResGCN,A6_multi_source,medium_real,24,SRC_STOCK_4_PRICE,REPORT_STRESS,1,1,1,1,1.0,0.8,34.76095199584961,9
HybridTSD+APA-RCA+ResGCN,A6_multi_source,medium_real,25,SRC_STOCK_2_PRICE,REPORT_STRESS,2,0,1,1,0.5,0.8,35.592079162597656,9
HybridTSD+APA-RCA+ResGCN,A6_multi_source,medium_real,26,SRC_STOCK_6_PRICE,REPORT_STRESS,1,1,1,1,1.0,0.8,37.19806671142578,9
HybridTSD+APA-RCA+ResGCN,A6_multi_source,medium_real,27,SRC_STOCK_3_PRICE,REPORT_LIMIT,1,1,1,1,1.0,0.8,24.66106414794922,9
HybridTSD+APA-RCA+ResGCN,A6_multi_source,medium_real,28,SRC_STOCK_7_PRICE,REPORT_STRESS,1,1,1,1,1.0,0.8,35.48479080200195,9
HybridTSD+APA-RCA+ResGCN,A6_multi_source,medium_real,29,SRC_STOCK_8_PRICE,REPORT_STRESS,1,1,1,1,1.0,0.8,49.92508888244629,9
HybridTSD+APA-RCA+ResGCN,A7_coincidental,medium_real,0,SRC_STOCK_11_PRICE,REPORT_STRESS,2,0,1,1,0.5,0.8,36.448001861572266,9
HybridTSD+APA-RCA+ResGCN,A7_coincidental,medium_real,1,SRC_STOCK_6_PRICE,REPORT_STRESS,2,0,1,1,0.5,0.8,42.53196716308594,9
HybridTSD+APA-RCA+ResGCN,A7_coincidental,medium_real,2,SRC_STOCK_11_PRICE,REPORT_STRESS,2,0,1,1,0.5,0.8,26.268959045410156,9
HybridTSD+APA-RCA+ResGCN,A7_coincidental,medium_real,3,SRC_STOCK_10_PRICE,REPORT_STRESS,2,0,1,1,0.5,0.8,28.390884399414062,9
HybridTSD+APA-RCA+ResGCN,A7_coincidental,medium_real,4,SRC_STOCK_9_PRICE,REPORT_STRESS,2,0,1,1,0.5,0.8,23.283004760742188,9
HybridTSD+APA-RCA+ResGCN,A7_coincidental,medium_real,5,SRC_STOCK_9_PRICE,REPORT_STRESS,2,0,1,1,0.5,0.8,25.6960391998291,9
HybridTSD+APA-RCA+ResGCN,A7_coincidental,medium_real,6,SRC_STOCK_6_PRICE,REPORT_STRESS,2,0,1,1,0.5,0.8,25.954246520996094,9
HybridTSD+APA-RCA+ResGCN,A7_coincidental,medium_real,7,SRC_STOCK_12_PRICE,REPORT_STRESS,2,0,1,1,0.5,0.8,33.01692008972168,9
HybridTSD+APA-RCA+ResGCN,A7_coincidental,medium_real,8,SRC_STOCK_9_PRICE,REPORT_STRESS,2,0,1,1,0.5,0.8,32.45902061462402,9
HybridTSD+APA-RCA+ResGCN,A7_coincidental,medium_real,9,SRC_STOCK_6_PRICE,REPORT_STRESS,2,0,1,1,0.5,0.8,39.54195976257324,9
HybridTSD+APA-RCA+ResGCN,A7_coincidental,medium_real,10,SRC_STOCK_10_PRICE,REPORT_STRESS,2,0,1,1,0.5,0.8,36.16213798522949,9
HybridTSD+APA-RCA+ResGCN,A7_coincidental,medium_real,11,SRC_STOCK_2_PRICE,REPORT_STRESS,2,0,1,1,0.5,0.8,13.809919357299805,9
HybridTSD+APA-RCA+ResGCN,A7_coincidental,medium_real,12,SRC_STOCK_8_PRICE,REPORT_STRESS,2,0,1,1,0.5,0.8,58.00509452819824,9
HybridTSD+APA-RCA+ResGCN,A7_coincidental,medium_real,13,SRC_STOCK_11_PRICE,REPORT_STRESS,2,0,1,1,0.5,0.8,51.07522010803223,9
HybridTSD+APA-RCA+ResGCN,A7_coincidental,medium_real,14,SRC_STOCK_2_PRICE,REPORT_STRESS,2,0,1,1,0.5,0.8,18.424034118652344,9
HybridTSD+APA-RCA+ResGCN,A7_coincidental,medium_real,15,SRC_STOCK_12_PRICE,REPORT_STRESS,2,0,1,1,0.5,0.8,46.67496681213379,9
HybridTSD+APA-RCA+ResGCN,A7_coincidental,medium_real,16,SRC_STOCK_7_PRICE,REPORT_STRESS,2,0,1,1,0.5,0.8,44.52705383300781,9
HybridTSD+APA-RCA+ResGCN,A7_coincidental,medium_real,17,SRC_STOCK_9_PRICE,REPORT_STRESS,2,0,1,1,0.5,0.8,22.568941116333008,9
HybridTSD+APA-RCA+ResGCN,A7_coincidental,medium_real,18,SRC_STOCK_11_PRICE,REPORT_STRESS,2,0,1,1,0.5,0.8,36.772727966308594,9
HybridTSD+APA-RCA+ResGCN,A7_coincidental,medium_real,19,SRC_STOCK_8_PRICE,REPORT_STRESS,2,0,1,1,0.5,0.8,31.506776809692383,9
HybridTSD+APA-RCA+ResGCN,A7_coincidental,medium_real,20,SRC_STOCK_11_PRICE,REPORT_STRESS,2,0,1,1,0.5,0.8,28.855085372924805,9
HybridTSD+APA-RCA+ResGCN,A7_coincidental,medium_real,21,SRC_STOCK_4_PRICE,REPORT_STRESS,2,0,1,1,0.5,0.8,54.71205711364746,9
HybridTSD+APA-RCA+ResGCN,A7_coincidental,medium_real,22,SRC_STOCK_10_PRICE,REPORT_STRESS,2,0,1,1,0.5,0.8,39.5970344543457,9
HybridTSD+APA-RCA+ResGCN,A7_coincidental,medium_real,23,SRC_STOCK_1_PRICE,REPORT_STRESS,2,0,1,1,0.5,0.8,27.41718292236328,9
HybridTSD+APA-RCA+ResGCN,A7_coincidental,medium_real,24,SRC_STOCK_5_PRICE,REPORT_STRESS,2,0,1,1,0.5,0.8,99.06005859375,9
HybridTSD+APA-RCA+ResGCN,A7_coincidental,medium_real,25,SRC_STOCK_7_PRICE,REPORT_STRESS,2,0,1,1,0.5,0.8,30.14206886291504,9
HybridTSD+APA-RCA+ResGCN,A7_coincidental,medium_real,26,SRC_STOCK_11_PRICE,REPORT_STRESS,2,0,1,1,0.5,0.8,30.169963836669922,9
HybridTSD+APA-RCA+ResGCN,A7_coincidental,medium_real,27,SRC_STOCK_1_PRICE,REPORT_STRESS,2,0,1,1,0.5,0.8,46.38218879699707,9
HybridTSD+APA-RCA+ResGCN,A7_coincidental,medium_real,28,SRC_STOCK_8_PRICE,REPORT_STRESS,2,0,1,1,0.5,0.8,36.31877899169922,9
HybridTSD+APA-RCA+ResGCN,A7_coincidental,medium_real,29,SRC_STOCK_12_PRICE,REPORT_STRESS,2,0,1,1,0.5,0.8,12.962102890014648,9
